Feature,Importance
remainder__Order Item Discount,0.10729061666865027
remainder__Order Item Discount Rate,0.0963241082893605
remainder__Order_DayOfWeek,0.08703098684225254
remainder__Order_Month,0.07793113341627605
remainder__Days for shipment (scheduled),0.07141187124007682
categorical__Shipping Mode_Standard Class,0.06013621364521018
categorical__Shipping Mode_First Class,0.057149685550054646
remainder__Order Item Quantity,0.03676717954965058
categorical__Shipping Mode_Second Class,0.02264152698103164
remainder__Product Price,0.0219148779026968
remainder__Order Item Product Price,0.021825347235589442
remainder__Order_Year,0.021707989552866184
categorical__Customer Segment_Consumer,0.017643136901183454
categorical__Customer Segment_Corporate,0.01565500448318644
categorical__Customer Segment_Home Office,0.01322683104173566
categorical__Shipping Mode_Same Day,0.008706172437573217
categorical__Type_DEBIT,0.008183166449202063
categorical__Type_TRANSFER,0.007906298612632952
categorical__Type_PAYMENT,0.007062184325011029
categorical__Type_CASH,0.005902191339890586
categorical__Department Name_Fan Shop,0.005591488625804535
categorical__Department Name_Apparel,0.005259654617378314
categorical__Department Name_Golf,0.004412570928509822
categorical__Order Country_México,0.004412055536891542
categorical__Category Name_Cleats,0.004376076334500907
categorical__Category Name_Women's Apparel,0.003973724025384667
categorical__Category Name_Indoor/Outdoor Games,0.0039626674001866395
categorical__Category Name_Water Sports,0.0038981712096170036
categorical__Order Country_Francia,0.003847328942575614
categorical__Category Name_Men's Footwear,0.0037080085576997753
categorical__Category Name_Camping & Hiking,0.0036567728276734562
categorical__Department Name_Footwear,0.0035456477420843626
categorical__Order Region_Central America,0.00349405997885308
categorical__Order Country_Alemania,0.003376926311715348
categorical__Order Region_West of USA ,0.0033213918079326326
categorical__Category Name_Fishing,0.003297181244967384
categorical__Market_Pacific Asia,0.003274056134474653
categorical__Order Region_East of USA,0.0031578245854073533
categorical__Market_Europe,0.003131370629923422
categorical__Category Name_Cardio Equipment,0.003125521814741997
categorical__Order Region_Western Europe,0.003116187524713188
categorical__Order Region_US Center ,0.0030589555288227876
categorical__Category Name_Shop By Sport,0.003041099765680348
categorical__Order Country_Brasil,0.0030259881133333517
categorical__Order Region_South America,0.002999458828957566
categorical__Department Name_Outdoors,0.002763862329873387
categorical__Market_LATAM,0.002741870616172478
categorical__Order Region_Southeast Asia,0.0026833265130657186
categorical__Order Country_El Salvador,0.002584141716325497
categorical__Order Region_South of  USA ,0.0025685197727708603
categorical__Order Country_Honduras,0.002534592899423147
categorical__Order Region_South Asia,0.002521736861251685
categorical__Order Region_Oceania,0.002508642039421778
categorical__Order Region_Southern Europe,0.0024972530031904805
categorical__Order Country_Australia,0.002473314223044519
categorical__Order Region_Northern Europe,0.0024554833725171756
categorical__Order Region_Eastern Asia,0.002397334490798554
categorical__Order Country_Reino Unido,0.0023970482316190934
categorical__Order Country_Nicaragua,0.002375442370556602
categorical__Order Country_Indonesia,0.0023254243893897912
categorical__Order Country_China,0.002308632721784771
categorical__Order Country_Guatemala,0.0023039606995892414
categorical__Market_USCA,0.00221061511157347
categorical__Order Country_Italia,0.0021947962730030574
categorical__Order Country_Estados Unidos,0.0021154258259167237
categorical__Order Country_India,0.0020923596648832333
categorical__Order Region_Caribbean,0.002048623660215851
categorical__Order Country_España,0.0020201123349069504
categorical__Market_Africa,0.0020009598432663965
categorical__Order Region_West Asia,0.0018876039820060434
categorical__Order Country_Panamá,0.0018629448585349784
categorical__Order Country_República Dominicana,0.0018458014453513667
categorical__Order Country_Países Bajos,0.0017721694339274334
categorical__Category Name_Electronics,0.001686669775908174
categorical__Order Country_Turquía,0.0016404534439892217
categorical__Order Country_Filipinas,0.0016292175688389725
categorical__Order Country_Argentina,0.001538900724829468
categorical__Order Country_Colombia,0.0015008446562885499
categorical__Order Region_Eastern Europe,0.001468004025769894
categorical__Order Country_Austria,0.0013996570207683433
categorical__Order Country_Cuba,0.0013873876920197205
categorical__Department Name_Fitness,0.0013609472697871466
categorical__Order Region_West Africa,0.001348667276033358
categorical__Order Region_North Africa,0.0013064244461433684
categorical__Order Country_Venezuela,0.0012193454659275526
categorical__Order Country_Nigeria,0.0011980983628075152
categorical__Order Country_Irán,0.0010956886017109238
categorical__Category Name_Girls' Apparel,0.0010390843565730287
categorical__Order Country_Tailandia,0.0009820431060741817
categorical__Order Country_Bélgica,0.0009773785319292954
categorical__Order Country_Nueva Zelanda,0.0009719095863622326
categorical__Order Country_Egipto,0.0009481656609408476
categorical__Order Country_Perú,0.0009414585805583951
categorical__Order Country_Rusia,0.0009300613468672016
categorical__Order Region_East Africa,0.0009219004782423462
categorical__Order Country_Japón,0.0009175712102101845
categorical__Order Country_Chile,0.0009116714045823728
categorical__Order Country_Irak,0.0009094698398473624
categorical__Order Country_Suecia,0.0008965421217132823
categorical__Category Name_Accessories,0.0008904984023072247
categorical__Order Country_Marruecos,0.0008890186638214228
categorical__Order Country_Arabia Saudí,0.0008870031347057313
categorical__Category Name_Golf Gloves,0.0008639806229887804
categorical__Order Country_Ucrania,0.0008410388468055842
categorical__Order Country_Vietnam,0.0008129953286535796
categorical__Order Region_Central Africa,0.0008018444608800619
categorical__Order Country_Pakistán,0.0007401634675928059
categorical__Order Country_Corea del Sur,0.0007083083421690761
categorical__Order Region_Southern Africa,0.0007075944382743502
categorical__Category Name_Golf Balls,0.0006994561323884016
categorical__Order Country_SudAfrica,0.0006898028458023509
categorical__Department Name_Discs Shop,0.000684673798893009
categorical__Order Country_República Democrática del Congo,0.0006702524765685469
categorical__Category Name_Trade-In,0.0006686750589846348
categorical__Order Country_Malasia,0.0006306865298708717
categorical__Order Country_Rumania,0.0006126295513520813
categorical__Order Country_Myanmar (Birmania),0.0006106519663249607
categorical__Order Country_Singapur,0.0006023026824224185
categorical__Order Country_Haití,0.0005962844702479342
categorical__Order Country_Bangladés,0.0005949022322663752
categorical__Category Name_Baseball & Softball,0.0005936180081558038
categorical__Order Country_Polonia,0.0005909769504291159
categorical__Order Country_Suiza,0.0005836742044683903
categorical__Order Country_Argelia,0.0005742033526899895
categorical__Order Country_Irlanda,0.0005631805389004043
categorical__Order Country_Noruega,0.0005341754462235036
categorical__Category Name_Boxing & MMA,0.0005297023675379628
categorical__Order Country_Israel,0.000492145503606345
categorical__Order Country_Portugal,0.0004887760417283017
categorical__Category Name_Golf Shoes,0.0004801322165881673
categorical__Order Country_Tanzania,0.0004793380751837573
categorical__Order Country_Ecuador,0.0004760955242938562
categorical__Order Country_Dinamarca,0.00046887964545289855
categorical__Order Country_Canada,0.00046039244444714966
categorical__Category Name_Hunting & Shooting,0.000460201216404889
categorical__Order Region_Central Asia,0.00045897937283350174
categorical__Department Name_Technology,0.0004580035770303652
categorical__Order Region_Canada,0.0004497870780254972
categorical__Category Name_Hockey,0.0004440586400791993
categorical__Order Country_Finlandia,0.0004406529343403803
categorical__Category Name_Golf Apparel,0.0004366495446227178
categorical__Category Name_Children's Clothing,0.0004237319457041456
categorical__Category Name_Kids' Golf Clubs,0.00040932119519501264
categorical__Order Country_Zambia,0.0003947765704574603
categorical__Order Country_Costa de Marfil,0.0003920735489527739
categorical__Category Name_Women's Clothing,0.0003844482228263868
categorical__Order Country_Ghana,0.0003715428279157888
categorical__Order Country_Bielorrusia,0.0003712940686043949
categorical__Order Country_Angola,0.00036809681517053464
categorical__Category Name_Tennis & Racquet,0.0003567073629006077
categorical__Order Country_Bolivia,0.0003548675081630122
categorical__Order Country_República Checa,0.00034887313482372557
categorical__Order Country_Mozambique,0.00034692006337690135
categorical__Category Name_Lacrosse,0.00032678926431217704
categorical__Order Country_Camerún,0.00031996878544244953
categorical__Category Name_DVDs,0.0003093838297599611
categorical__Category Name_Men's Golf Clubs,0.0003056368861121169
categorical__Category Name_Fitness Accessories,0.00029971644272917846
categorical__Order Country_Kazajistán,0.0002972501231430666
categorical__Order Country_Sudán,0.0002959185949237798
categorical__Category Name_Video Games,0.00029011976190303494
categorical__Order Country_Senegal,0.0002839967959660848
categorical__Order Country_Hungría,0.00028379171590275123
categorical__Category Name_Crafts,0.0002825114093174042
categorical__Order Country_Uruguay,0.00028227421315011973
categorical__Category Name_Consumer Electronics,0.0002795711125175584
categorical__Order Country_Kenia,0.0002727451337096824
categorical__Order Country_Zimbabue,0.00026734617802249183
categorical__Category Name_Music,0.00026308872709273696
categorical__Department Name_Pet Shop,0.00026117999378060794
categorical__Category Name_Cameras ,0.00025872206408240916
categorical__Order Country_Martinica,0.000255040733904293
categorical__Category Name_Pet Supplies,0.00025366871164021466
categorical__Order Country_Lituania,0.00024793024287720136
categorical__Order Country_Bulgaria,0.00024137598424668827
categorical__Category Name_Women's Golf Clubs,0.00023734616511430552
categorical__Order Country_Afganistán,0.0002338890372504236
categorical__Category Name_Baby ,0.00021982899464391311
categorical__Order Country_Jamaica,0.0002142025208671039
categorical__Category Name_Sporting Goods,0.0002079371893033803
categorical__Order Country_Camboya,0.0002076171756758573
categorical__Department Name_Health and Beauty ,0.00020746939943867786
categorical__Order Country_Azerbaiyán,0.00020622929724829355
categorical__Order Country_Croacia,0.00020189487076121751
categorical__Order Country_Togo,0.00019915596265948
categorical__Order Country_Trinidad y Tobago,0.000197185940307067
categorical__Order Country_Jordania,0.00019472157459049202
categorical__Category Name_Health and Beauty,0.00019375091893271987
categorical__Department Name_Book Shop,0.00019313183438579912
categorical__Order Country_Somalia,0.00019079909655899958
categorical__Order Country_Madagascar,0.00018815630699277122
categorical__Category Name_Garden,0.0001872528073588795
categorical__Category Name_Books ,0.0001849671512111831
categorical__Category Name_Men's Clothing,0.00018478257799017648
categorical__Category Name_Toys,0.00018456148179046773
categorical__Order Country_Níger,0.0001822824396974998
categorical__Category Name_Soccer,0.00017901904202154959
categorical__Order Country_Uganda,0.00017636078708756206
categorical__Order Country_Moldavia,0.00017300828517977142
categorical__Category Name_Computers,0.00017138771346725484
categorical__Order Country_Georgia,0.00016395338500802033
categorical__Order Country_Ruanda,0.00016388740249480304
categorical__Order Country_Paraguay,0.00016003456085853865
categorical__Order Country_Barbados,0.00015754666346936744
categorical__Order Country_Kirguistán,0.00015661306724336566
categorical__Order Country_Yemen,0.00015397631897302633
categorical__Order Country_Uzbekistán,0.00014452583867779453
categorical__Order Country_Mali,0.00014050514704042492
categorical__Order Country_Siria,0.00013586089392486102
categorical__Order Country_Nepal,0.00013324466513253862
categorical__Category Name_CDs ,0.00012663058771514508
categorical__Order Country_Hong Kong,0.00012538156625813268
categorical__Order Country_Qatar,0.00012307858770578304
categorical__Category Name_Strength Training,0.00012168147156675989
categorical__Order Country_Libia,0.00011837302548545901
categorical__Order Country_Benín,0.00011824863050701159
categorical__Order Country_Turkmenistán,0.00011747012094798548
categorical__Category Name_As Seen on  TV!,0.00010531619830661396
categorical__Order Country_Papúa Nueva Guinea,0.00010074202850953198
categorical__Order Country_Mongolia,9.594607731646588e-05
categorical__Order Country_Estonia,8.817775205143972e-05
categorical__Order Country_Liberia,8.742759446897043e-05
categorical__Order Country_Guinea-Bissau,8.679515984148416e-05
categorical__Order Country_Guinea,8.166471309676684e-05
categorical__Order Country_Yibuti,8.134736560939212e-05
categorical__Category Name_Golf Bags & Carts,8.128405302062626e-05
categorical__Order Country_Albania,8.124420433153578e-05
categorical__Order Country_Gabón,8.001127484444102e-05
categorical__Order Country_Guadalupe,6.964564649523418e-05
categorical__Category Name_Basketball,6.928173997767162e-05
categorical__Order Country_Namibia,6.87842678163493e-05
categorical__Order Country_Emiratos Árabes Unidos,6.550493467532069e-05
categorical__Order Country_Grecia,6.312944265894173e-05
categorical__Order Country_Taiwán,6.115499791119147e-05
categorical__Order Country_Sierra Leona,6.0600980808490424e-05
categorical__Order Country_Túnez,5.809408307445119e-05
categorical__Order Country_Bosnia y Herzegovina,5.682929233201198e-05
categorical__Order Country_Etiopía,5.424775581644072e-05
categorical__Order Country_Lesoto,5.222606009647566e-05
categorical__Order Country_Sri Lanka,4.93876208717755e-05
categorical__Order Country_Costa Rica,4.844503861992824e-05
categorical__Order Country_Bután,4.6818886119588335e-05
categorical__Order Country_Eslovaquia,4.630432074504519e-05
categorical__Order Country_Laos,4.023546882072927e-05
categorical__Order Country_República Centroafricana,3.9921862374567386e-05
categorical__Order Country_Líbano,3.7678572581612285e-05
categorical__Order Country_Belice,3.18706460903521e-05
categorical__Order Country_Mauritania,3.076010228679279e-05
categorical__Order Country_Luxemburgo,3.0000257577387863e-05
categorical__Order Country_Suazilandia,2.518188296535507e-05
categorical__Order Country_Chipre,2.0436140168997654e-05
categorical__Order Country_Montenegro,1.9750887443643507e-05
categorical__Order Country_Surinam,1.5603951474209004e-05
categorical__Order Country_Tayikistán,1.531018795513918e-05
categorical__Order Country_República del Congo,1.5213198317163054e-05
categorical__Order Country_Burkina Faso,1.4583512254895654e-05
categorical__Order Country_Guyana,9.961800032422302e-06
categorical__Order Country_Omán,9.941203876242235e-06
categorical__Order Country_Sáhara Occidental,9.539265359466669e-06
categorical__Order Country_Eritrea,8.640440894585842e-06
categorical__Order Country_Chad,7.843732137313441e-06
categorical__Order Country_Guayana Francesa,6.9910773067625985e-06
categorical__Order Country_Macedonia,5.143544147403382e-06
categorical__Order Country_Sudán del Sur,3.372567139177845e-06
categorical__Order Country_Botsuana,3.3454071098304146e-06
categorical__Order Country_Baréin,2.5644210606150447e-06
categorical__Order Country_Kuwait,2.302601528673978e-06
categorical__Order Country_Guinea Ecuatorial,2.2798759978556024e-06
categorical__Order Country_República de Gambia,2.1815803550313152e-06
categorical__Order Country_Serbia,1.273376816581825e-06
categorical__Order Country_Burundi,1.2373911921436263e-06
categorical__Order Country_Armenia,7.829658337860418e-07
categorical__Order Country_Eslovenia,3.5125988812986873e-07
